{
  "Queue": "arn:aws:mediaconvert:us-east-1:829102044026:queues/Default",
  "UserMetadata": {},
  "Role": "arn:aws:iam::829102044026:role/CreateMediaConvertJob_LambdaRole",
  "Settings": {
    "OutputGroups": [
      {
        "CustomName": "MP4",
        "Name": "File Group",
        "Outputs": [
          {
            "ContainerSettings": {
              "Container": "MP4",
              "Mp4Settings": {
                "CslgAtom": "INCLUDE",
                "FreeSpaceBox": "EXCLUDE",
                "MoovPlacement": "PROGRESSIVE_DOWNLOAD"
              }
            },
            "VideoDescription": {
              "Width": 1280,
              "ScalingBehavior": "DEFAULT",
              "Height": 720,
              "TimecodeInsertion": "DISABLED",
              "AntiAlias": "ENABLED",
              "Sharpness": 50,
              "CodecSettings": {
                "Codec": "H_264",
                "H264Settings": {
                  "InterlaceMode": "PROGRESSIVE",
                  "NumberReferenceFrames": 3,
                  "Syntax": "DEFAULT",
                  "Softness": 0,
                  "GopClosedCadence": 1,
                  "GopSize": 90,
                  "Slices": 1,
                  "GopBReference": "DISABLED",
                  "SlowPal": "DISABLED",
                  "SpatialAdaptiveQuantization": "ENABLED",
                  "TemporalAdaptiveQuantization": "ENABLED",
                  "FlickerAdaptiveQuantization": "DISABLED",
                  "EntropyEncoding": "CABAC",
                  "Bitrate": 3000000,
                  "FramerateControl": "INITIALIZE_FROM_SOURCE",
                  "RateControlMode": "CBR",
                  "CodecProfile": "MAIN",
                  "Telecine": "NONE",
                  "MinIInterval": 0,
                  "AdaptiveQuantization": "HIGH",
                  "CodecLevel": "AUTO",
                  "FieldEncoding": "PAFF",
                  "SceneChangeDetect": "ENABLED",
                  "QualityTuningLevel": "SINGLE_PASS",
                  "FramerateConversionAlgorithm": "DUPLICATE_DROP",
                  "UnregisteredSeiTimecode": "DISABLED",
                  "GopSizeUnits": "FRAMES",
                  "ParControl": "INITIALIZE_FROM_SOURCE",
                  "NumberBFramesBetweenReferenceFrames": 2,
                  "RepeatPps": "DISABLED"
                }
              },
              "AfdSignaling": "NONE",
              "DropFrameTimecode": "ENABLED",
              "RespondToAfd": "NONE",
              "ColorMetadata": "INSERT"
            },
            "AudioDescriptions": [
              {
                "AudioTypeControl": "FOLLOW_INPUT",
                "CodecSettings": {
                  "Codec": "AAC",
                  "AacSettings": {
                    "AudioDescriptionBroadcasterMix": "NORMAL",
                    "Bitrate": 96000,
                    "RateControlMode": "CBR",
                    "CodecProfile": "LC",
                    "CodingMode": "CODING_MODE_2_0",
                    "RawFormat": "NONE",
                    "SampleRate": 48000,
                    "Specification": "MPEG4"
                  }
                },
                "LanguageCodeControl": "FOLLOW_INPUT"
              }
            ]
          }
        ],
        "OutputGroupSettings": {
          "Type": "FILE_GROUP_SETTINGS",
          "FileGroupSettings": {
            "Destination": "s3://reeltimes3/MP4/"
          }
        }
      },
      {
        "CustomName": "Thumbnails",
        "Name": "File Group",
        "Outputs": [
          {
            "ContainerSettings": {
              "Container": "RAW"
            },
            "VideoDescription": {
              "Width": 768,
              "ScalingBehavior": "DEFAULT",
              "Height": 576,
              "TimecodeInsertion": "DISABLED",
              "AntiAlias": "ENABLED",
              "Sharpness": 50,
              "CodecSettings": {
                "Codec": "FRAME_CAPTURE",
                "FrameCaptureSettings": {
                  "FramerateNumerator": 1,
                  "FramerateDenominator": 1,
                  "MaxCaptures": 10000000,
                  "Quality": 100
                }
              },
              "AfdSignaling": "NONE",
              "DropFrameTimecode": "ENABLED",
              "RespondToAfd": "NONE",
              "ColorMetadata": "INSERT"
            }
            
          }
        ],
        "OutputGroupSettings": {
          "Type": "FILE_GROUP_SETTINGS",
          "FileGroupSettings": {
            "Destination": "s3://reeltimes3/Thumbnails/"
          }
        }
      }
    ],
    "AdAvailOffset": 0,
    "Inputs": [
      {
        "AudioSelectors": {
          "Audio Selector 1": {
            "Offset": 0,
            "DefaultSelection": "DEFAULT",
            "ProgramSelection": 1
          }
        },
        "VideoSelector": {
          "ColorSpace": "FOLLOW"
        },
        "FilterEnable": "AUTO",
        "PsiControl": "USE_PSI",
        "FilterStrength": 0,
        "DeblockFilter": "DISABLED",
        "DenoiseFilter": "DISABLED",
        "TimecodeSource": "EMBEDDED",
        "FileInput": "s3://reeltimes3/arg_france_2018.mp4"
      }
    ]
  }
}
