{
    "Queue": "arn:aws:mediaconvert:us-east-1:829102044026:queues/Default",
    "Role": "arn:aws:iam::829102044026:role/CreateMediaConvertJob_LambdaRole",
    "Settings": {
        "Inputs": [{
            "FileInput": "s3://soccer-reels-video-upload/TOTTCHELSEA.mp4",
            "TimecodeSource": "ZEROBASED",
            "InputClippings": [{
                "StartTimecode": "00:00:30:00",
                "EndTimecode": "00:00:50:00"
          }],
          "AudioSelectors": {
              "Audio Selector 1": {
                "Offset": 0,
                "DefaultSelection": "DEFAULT",
                "SelectorType": "LANGUAGE_CODE",
                "ProgramSelection": 1,
                "LanguageCode": "ENM"
              }
            }
        }],
        "OutputGroups": [{
            "OutputGroupSettings": {
                "Type": "FILE_GROUP_SETTINGS",
                "FileGroupSettings": {
                    "Destination": "s3://reeltimes3/demo/"
                }
            },
        "Outputs": [
          { "NameModifier":"-file",
            "ContainerSettings": {
              "Container": "MP4",
              "Mp4Settings": {
                "CslgAtom": "INCLUDE",
                "FreeSpaceBox": "EXCLUDE",
                "MoovPlacement": "PROGRESSIVE_DOWNLOAD"
              }
            },
            "VideoDescription": {
              "Width": 1280,
              "ScalingBehavior": "DEFAULT",
              "Height": 720,
              "TimecodeInsertion": "DISABLED",
              "AntiAlias": "ENABLED",
              "Sharpness": 50,
              "CodecSettings": {
                "Codec": "H_264",
                "H264Settings": {
                  "InterlaceMode": "PROGRESSIVE",
                  "NumberReferenceFrames": 3,
                  "Syntax": "DEFAULT",
                  "Softness": 0,
                  "GopClosedCadence": 1,
                  "GopSize": 90,
                  "Slices": 1,
                  "GopBReference": "DISABLED",
                  "SlowPal": "DISABLED",
                  "SpatialAdaptiveQuantization": "ENABLED",
                  "TemporalAdaptiveQuantization": "ENABLED",
                  "FlickerAdaptiveQuantization": "DISABLED",
                  "EntropyEncoding": "CABAC",
                  "Bitrate": 3000000,
                  "FramerateControl": "INITIALIZE_FROM_SOURCE",
                  "RateControlMode": "CBR",
                  "CodecProfile": "MAIN",
                  "Telecine": "NONE",
                  "MinIInterval": 0,
                  "AdaptiveQuantization": "HIGH",
                  "CodecLevel": "AUTO",
                  "FieldEncoding": "PAFF",
                  "SceneChangeDetect": "ENABLED",
                  "QualityTuningLevel": "SINGLE_PASS",
                  "FramerateConversionAlgorithm": "DUPLICATE_DROP",
                  "UnregisteredSeiTimecode": "DISABLED",
                  "GopSizeUnits": "FRAMES",
                  "ParControl": "INITIALIZE_FROM_SOURCE",
                  "NumberBFramesBetweenReferenceFrames": 2,
                  "RepeatPps": "DISABLED"
                }
              },
              "AfdSignaling": "NONE",
              "DropFrameTimecode": "ENABLED",
              "RespondToAfd": "NONE",
              "ColorMetadata": "INSERT"
            },
            "AudioDescriptions": [
              {
                "AudioTypeControl": "FOLLOW_INPUT",
                "CodecSettings": {
                  "Codec": "AAC",
                  "AacSettings": {
                    "AudioDescriptionBroadcasterMix": "NORMAL",
                    "Bitrate": 96000,
                    "RateControlMode": "CBR",
                    "CodecProfile": "LC",
                    "CodingMode": "CODING_MODE_2_0",
                    "RawFormat": "NONE",
                    "SampleRate": 48000,
                    "Specification": "MPEG4"
                  }
                },
                "LanguageCodeControl": "FOLLOW_INPUT"
              }
            ]
          }
        ]
        }]
    }
}